0,1
absorbent,2
ac,3
account,3
adids,1
ads,1
advantage,5
afcs,1
affordable,3
ajaxcomplete,1
ajaxsetup,1
alienwarefranchise,2
amazing,1
amd,9
amp,4
api,2
apicachingroot,1
apiroot,1
applications,3
applicationsexperience,1
applied,1
apply,7
approved,1
apps,1
arrive,1
aspx,6
atom,2
autocomplete,1
available,2
b,2
back,2
balance,3
based,3
basket,1
battery,3
beautiful,1
beautifully,1
best,1
big,1
blog,1
borderless,1
bose,1
brand,1
branded,1
brandlatitude,1
browse,1
bsd,18
build,2
built,7
business,23
businesses,1
businesslaptops,1
businessthe,1
c,9
call,3
campaigns,2
candyaislecartsummary,1
careers,1
cart,1
categoryid,1
categorypath,1
catid,2
catnavwp,1
catpath,1
cdn,2
celeron,2
certified,1
charges,1
chat,4
children,1
choose,1
chooseconfigurable,1
choosedelivery,1
choosehard,1
chooselaptop,1
choosememory,1
chooseprocessor,1
chromebook,5
chromebookfor,2
class,3
clear,1
clearuser,2
click,2
client,1
close,1
cloud,2
cms,1
cmscontent,1
code,1
cold,1
color,2
colorful,1
com,21
combines,1
commercial,1
community,2
communitythe,1
company,1
compare,2
completely,1
compression,2
computer,1
conditions,1
configtab,3
configurable,1
configurablecustomizablesmart,1
connected,1
connectionid,1
connects,1
contact,2
container,2
containertimeout,1
content,2
contenttype,1
contracts,1
cookies,2
core,15
corporate,1
corporation,1
countries,1
country,2
coupons,1
create,1
creators,2
creatorshighest,1
credit,6
creditworthiness,1
cs,9
css,2
csval,1
ctoprice,1
ctry,1
curauthemailidhash,1
currentcategorynode,1
cururl,1
customer,1
customers,4
customerset,2
customizable,1
da,1
date,1
day,1
days,5
dbc,2
default,3
defaultguidetype,1
deletecookie,1
delivery,1
dell,55
delladvantagelogin,1
dellemployee,1
dellinvestors,1
dellportal,1
dellstore,1
delphi,1
demanding,1
design,4
designed,5
determined,1
developer,3
developers,1
dfsauthstate,1
discounts,1
display,13
displays,2
div,1
document,3
documentid,1
dpa,1
drive,6
drivecd,1
driveihelp,2
drives,1
dual,2
durable,1
dust,2
dvd,6
e,1
easily,1
easymeeting,1
ecomm,2
edition,3
editlisten,1
editurl,1
education,6
eligible,1
email,1
emails,2
en,16
end,1
engagement,1
enus,1
environments,1
essential,1
estarainit,1
event,1
events,1
everyday,1
excellent,2
except,1
exceptional,1
expansive,2
experience,3
experiencelaptops,1
expires,1
exppromo,1
extensiondata,1
extra,1
extreme,7
f,2
facetcontent,1
facets,1
false,12
features,4
featuring,10
feedback,1
fff,1
fhd,2
filled,1
filters,1
financing,4
find,1
finishes,1
first,1
fit,1
flash,4
flashroot,1
fname,4
focused,1
font,1
form,2
forums,1
full,5
fully,4
fun,2
function,4
games,1
gaming,1
gb,13
gen,11
get,4
global,2
good,1
graphics,1
great,1
greater,1
growing,1
hard,1
harshest,1
hasflash,1
hd,3
height,1
hello,2
help,1
herocontent,2
hide,1
hidecomodpa,3
high,2
home,6
hours,1
hoverovertime,1
href,4
http,13
https,2
identity,1
imgpfx,1
inch,3
inclick,1
including,1
incredibly,1
infinityedge,2
information,1
inside,10
inspires,1
inspiron,4
inspironfor,2
instead,1
intel,31
interest,3
isauth,1
isauthpremier,1
iscenter,1
isprem,1
ispremier,1
isrtl,1
isseghome,1
issr,1
issues,1
itanium,2
item,2
itemid,1
javascript,1
join,1
js,1
jsroot,1
k,1
keyboard,2
keypress,1
l,8
language,2
langval,1
laptop,14
laptops,24
laptopschromebookihelp,1
laptopsinspiron,1
laptopsprecision,1
laptopsvostro,1
larger,1
latest,3
latitude,4
latitudefor,2
law,1
layouts,1
lbs,2
learn,10
learning,1
legal,1
legalads,1
lender,1
length,4
level,1
life,3
light,2
lightest,1
lightweight,2
limited,3
linuxwindows,1
liquids,2
list,1
live,1
livelook,1
lljshost,1
loading,3
loadingcaption,1
location,2
login,2
logo,2
logourloverride,1
looks,1
loyalty,1
lt,6
lts,1
lwp,1
made,2
main,1
make,1
manage,2
manageable,1
map,1
match,1
matches,1
materials,3
maxxaudio,2
may,1
mboxcreate,2
mda,1
medium,1
meet,1
meets,2
membership,1
memory,1
metrics,5
mi,1
military,2
million,1
minimum,1
mobile,9
mobility,1
modalcontent,1
mode,1
modelupsellpricecontainer,1
monitors,1
monthly,1
must,1
myaccount,1
myaccountlink,1
navbased,1
navpage,1
nbsp,1
needs,2
new,34
newly,1
newsroom,1
nextgen,1
ng,1
ngb,1
none,4
normal,1
notebook,1
notebooks,1
null,10
number,1
offer,4
offered,1
office,2
officethoughtfully,1
one,1
operating,2
optical,3
optional,4
options,1
optionssmart,1
order,1
outlet,1
outstanding,2
p,1
pagekey,1
pagename,1
pagesettings,1
pagesize,1
pagesubtype,1
pagetab,1
pagetype,2
paid,4
para,1
partnerdirect,1
payment,2
payments,1
pbar,1
pbarcart,1
pbarcartstrip,1
pbarma,1
pbarmastrip,1
pbarpfx,2
pbartabtitle,1
pc,1
pdfacets,4
pentium,3
performance,11
performing,1
performs,1
phenomenal,1
phi,1
phone,1
pixels,1
planet,2
play,1
plris,3
plrispdfacets,1
pn,2
portbl,1
power,3
powered,2
powerful,3
powerhouse,1
practical,1
precision,5
premium,2
price,2
privacy,2
pro,2
processing,3
processingcaption,1
processor,1
processors,8
product,1
productcategory,9
productcode,1
productivity,2
products,3
productscene,1
professional,4
professionalfreedos,1
profile,10
profileneutralpagekey,1
program,1
prohibited,1
proihelp,1
promotional,1
protocol,1
provided,1
prowindows,1
pt,3
purchase,2
purchases,3
purpose,3
px,1
qhd,1
quad,2
qualified,3
qualify,1
quality,1
r,2
rates,1
reactive,1
read,1
ready,3
real,1
realcurrentcategorynode,1
redesigned,1
refine,2
refined,1
refurbished,1
region,1
regiondomain,1
regulatory,1
reliable,1
remaining,1
removename,1
rendercountryselector,1
requirements,2
responsibility,1
retrendertoolbox,1
rewards,8
rewardterms,1
rich,1
right,1
rigorous,2
rugged,3
rwno,1
sale,2
sand,2
savings,1
sc,3
screen,2
sealed,4
search,2
second,1
seconds,1
secure,3
security,2
seglink,1
segment,2
segval,2
select,1
selection,2
separate,1
separately,1
series,14
seriesstacks,1
settings,1
ship,1
shipbuilt,1
shipping,2
shippingihelp,1
shipscreen,1
shock,2
shop,2
shortpagename,1
show,1
showsocialsignin,1
sign,3
signoff,1
simpledocumentid,1
singleconfig,1
site,1
sites,1
size,2
skipmenudef,1
small,7
smallest,3
social,1
solution,1
sound,2
span,2
spectitle,1
splitter,1
standard,3
starting,74
state,2
statement,1
stay,3
strong,1
student,1
style,1
superior,1
support,4
supporting,1
system,1
systemlob,1
systems,3
systemwindows,1
table,1
tablet,3
taxes,1
tb,2
techcenter,1
terms,4
text,1
th,10
theme,1
thin,2
thinnest,1
time,3
tnt,3
topprofileplay,1
touch,5
touchpad,2
touchscreen,1
trademarks,2
transform,1
tremendous,1
trg,3
true,11
tvs,1
type,2
typeof,1
typically,1
u,4
ubuntu,1
ultimate,3
ultra,1
ultrabook,2
uncheck,1
undefined,1
unique,1
unresolved,1
upihelp,1
upsolid,2
url,1
urlparams,1
us,24
used,2
username,1
users,1
using,1
utils,1
valid,2
var,30
varies,1
vary,1
versatile,2
verticalsubsection,1
via,1
vibrant,4
videos,1
view,6
virtually,1
vivid,2
vostro,3
vostrofor,2
vpro,2
waves,2
web,3
webbank,1
weight,3
welcome,1
width,1
window,4
windows,3
within,3
work,3
workbenchportal,1
workload,1
workstations,7
workstationsfor,2
workstationsxps,1
world,6
wreply,1
writemh,1
www,9
x,1
xeon,3
xeonamdihelp,1
xhr,1
xps,9
xpsfor,2
